insert into Users (UserID, Username, FirstName, LastName, DateOfBirth, Password) values (1, 'wfulleylove0', 'Willow', 'Fulleylove', '2000-12-26', 'kR8@D`q<<'),
 (2, 'acerman1', 'Arlinda', 'Cerman', '2003-10-08', 'eA77wed.+h`%rt,J'),
 (3, 'wkennerknecht2', 'Willem', 'Kennerknecht', '2004-03-20', 'hS6#t&y4"}%cBNQr'),
 (4, 'mkentish3', 'Monty', 'Kentish', '2000-10-20', 'vR6o55/zQ'),
 (5, 'sbernini4', 'Skell', 'Bernini', '2004-10-03', 'yX1Q91D"~n='),
 (6, 'bomullan5', 'Buckie', 'O'' Mullan', '2003-08-31', 'gH4!}iP<'),
 (7, 'britch6', 'Byrom', 'Ritch', '2000-10-30', 'qT0=bYf2f+xaZ>3'),
 (8, 'glagne7', 'Gianna', 'Lagne', '2004-01-02', 'yK3p2TD!x_'),
 (9, 'cdebruyn8', 'Cecelia', 'De Bruyn', '2001-11-01', 'dC3q4f4O'),
 (10, 'spymar9', 'Sydelle', 'Pymar', '2002-07-10', 'sF1ZYVDK&Z'),
 (11, 'dhughlina', 'Danice', 'Hughlin', '2003-07-23', 'qL9Y+}ye(xE+o'),
 (12, 'dguyanb', 'Dolley', 'Guyan', '2001-05-02', 'kC6RkFeeP#~R+ey'''),
 (13, 'vchattelainec', 'Violet', 'Chattelaine', '2003-07-31', 'kO9V/732w''?V'),
 (14, 'gmahargd', 'Gael', 'Maharg', '2000-05-22', 'iN7stohkQ'),
 (15, 'dferrone', 'Dyan', 'Ferron', '2002-07-16', 'tD2utgk{cIw>x'),
 (16, 'pdavidouf', 'Paule', 'Davidou', '2002-07-07', 'mW8J4or"y\|uLg5'),
 (17, 'nconyersg', 'Nicola', 'Conyers', '2004-07-10', 'tO1%1&#igQhxDu'),
 (18, 'pjakoubh', 'Penni', 'Jakoub', '2001-08-17', 'gH5Poxi_A/x4'),
 (19, 'jgifkinsi', 'Jillie', 'Gifkins', '2003-11-25', 'hC8`}@f8'),
 (20, 'bsapirj', 'Beth', 'Sapir', '2004-04-14', 'xP5$3E>K6oe#Q');

insert into Friends (FriendID, FriendWhoAdded, FriendBeingAdded, IsAccepted, DateAdded) values (1, 9, 8, true, '2003-04-12'),
 (2, 18, 7, false, '2008-11-25'),
 (3, 19, 2, true, '2004-08-01'),
 (4, 18, 10, false, '2020-10-06'),
 (5, 2, 2, true, '2000-12-27'),
 (6, 2, 20, true, '2012-06-06'),
 (7, 7, 16, false, '2002-05-04'),
 (8, 12, 10, true, '2000-04-25'),
 (9, 19, 15, false, '2013-10-30'),
 (10, 7, 9, false, '2014-08-05'),
 (11, 20, 14, true, '2012-08-19'),
 (12, 18, 2, false, '2008-08-21'),
 (13, 18, 18, false, '2008-12-01'),
 (14, 15, 14, false, '2011-09-13'),
 (15, 5, 11, false, '2021-12-12'),
 (16, 16, 15, false, '2011-08-31'),
 (17, 18, 19, true, '2013-08-17'),
 (18, 6, 16, false, '2014-01-04'),
 (19, 3, 15, true, '2001-02-17'),
 (20, 3, 4, true, '2004-01-07');

 insert into Groups (GroupID, GroupName, CreatedBy, DateAdded) values (1, 'Bright Future Innovations', 10, '2000-03-09'),
 (2, 'Summit Logistics', 4, '2021-07-15'),
 (3, 'Oceanic Ventures', 5, '2003-06-15'),
 (4, 'Acme Corporation', 1, '2008-05-26'),
 (5, 'Silver Star Technologies', 19, '2011-07-27'),
 (6, 'Golden Gate Enterprises', 15, '2020-05-16'),
 (7, 'Redwood Partners', 20, '2009-06-16'),
 (8, 'Innovative Designs Co.', 13, '2010-03-15'),
 (9, 'Golden Gate Enterprises', 11, '2008-10-27'),
 (10, 'Crimson Technologies', 17, '2021-11-02'),
 (11, 'Horizon Enterprises', 5, '2023-09-02'),
 (12, 'Acme Corporation', 12, '2014-06-08'),
 (13, 'Starlight Solutions', 13, '2006-09-11'),
 (14, 'Golden Gate Enterprises', 11, '2023-05-06'),
 (15, 'Bright Future Innovations', 4, '2006-11-17'),
 (16, 'Pioneer Services', 18, '2004-11-13'),
 (17, 'Evergreen Solutions', 17, '2004-11-03'),
 (18, 'Summit Logistics', 9, '2002-12-16'),
 (19, 'Smith & Co.', 1, '2023-10-04'),
 (20, 'ABC Industries', 2, '2008-04-12');

insert into Posts (PostID, PostDescription, PostedBy, IsPublic, IsOnlyForFriends, GroupID, DatePosted) values (1, 'Check out this amazing photo!', 6, true, false, 9, '2003-02-02');
 (2, 'Throwback to a fun day!', 1, false, false, 19, '2016-05-06'),
 (3, 'Check out this amazing photo!', 19, true, false, 8, '2008-08-08'),
 (4, 'Excited for the weekend!', 2, false, true, 9, '2012-02-08'),
 (5, 'Feeling great today!', 14, true, true, 1, '2015-04-22'),
 (6, 'Excited for the weekend!', 19, false, true, 1, '2005-01-23'),
 (7, 'Excited for the weekend!', 9, true, false, 15, '2010-11-05'),
 (8, 'Excited for the weekend!', 19, true, false, 2, '2023-09-20'),
 (9, 'Check out this amazing photo!', 13, true, true, 20, '2020-05-07'),
 (10, 'Check out this amazing photo!', 15, false, true, 8, '2011-07-04'),
 (11, 'Throwback to a fun day!', 19, true, false, 1, '2023-05-08'),
 (12, 'Feeling great today!', 2, false, true, 12, '2011-12-09'),
 (13, 'Check out this amazing photo!', 10, true, false, 10, '2001-04-27'),
 (14, 'Feeling great today!', 13, true, false, 7, '2009-11-11'),
 (15, 'New adventure awaits!', 13, false, true, 9, '2005-02-28'),
 (16, 'New adventure awaits!', 13, false, true, 18, '2012-03-20'),
 (17, 'Check out this amazing photo!', 14, true, true, 3, '2011-11-27'),
 (18, 'Excited for the weekend!', 5, false, false, 1, '2019-04-06'),
 (19, 'Feeling great today!', 6, true, true, 6, '2012-03-23'),
 (20, 'New adventure awaits!', 12, true, false, 14, '2022-07-09');

insert into GroupMembershipRequests (GroupMemberShipRequestsID, GroupID, GroupMemberUserID, IsGroupMemberShipAccepted, DateAccepted) values (1, 8, 18, true, '2012-02-03'),
 (2, 1, 11, true, '2014-03-12'),
 (3, 8, 7, false, '2010-09-04'),
 (4, 20, 4, true, '2013-04-28'),
 (5, 5, 3, false, '2020-01-02'),
 (6, 17, 14, false, '2013-09-14'),
 (7, 12, 6, true, '2018-08-13'),
 (8, 9, 11, true, '2000-04-28'),
 (9, 4, 10, false, '2006-03-08'),
 (10, 8, 2, false, '2020-07-11'),
 (11, 11, 15, false, '2004-10-05'),
 (12, 3, 8, false, '2011-06-12'),
 (13, 10, 19, false, '2004-03-01'),
 (14, 12, 1, true, '2001-04-27'),
 (15, 10, 4, false, '2012-05-12'),
 (16, 16, 8, false, '2015-08-12'),
 (17, 3, 15, false, '2003-06-10'),
 (18, 15, 6, false, '2007-08-13'),
 (19, 15, 11, false, '2010-01-03'),
 (20, 4, 19, true, '2014-01-08');